{"CLOSED": {"count": 1144.0, "real": 1144.0, "true": 879.0, "real_percent": 0.0, "score": 0.7683566433566433, "score_percent": 76.8}, "OPEN": {"count": 758.0, "real": 758.0, "true": 399.0, "real_percent": 0.0, "score": 0.5263852242744064, "score_percent": 52.6}, "ALL": {"count": 1902.0, "real": 1902.0, "true": 1278.0, "real_percent": 0.0, "score": 0.6719242902208202, "score_percent": 67.2}}