{"CLOSED": {"count": 1144.0, "real": 1144.0, "true": 653.0, "real_percent": 0.0, "score": 0.5708041958041958, "score_percent": 57.1}, "OPEN": {"count": 758.0, "real": 758.0, "true": 145.0, "real_percent": 0.0, "score": 0.19129287598944592, "score_percent": 19.1}, "ALL": {"count": 1902.0, "real": 1902.0, "true": 798.0, "real_percent": 0.0, "score": 0.4195583596214511, "score_percent": 42.0}}