,count,real,real_percent,score,score_percent,true
Attribute Other,269.0,269.0,100.0,0.3271375464684015,32.7,88.0
Abnormality,509.0,509.0,100.0,0.6640471512770137,66.4,338.0
Modality,316.0,316.0,100.0,0.9873417721518988,98.7,312.0
Organ System,237.0,237.0,100.0,0.48523206751054854,48.5,115.0
PLANE,119.0,119.0,100.0,0.3697478991596639,37.0,44.0
Condition,452.0,452.0,100.0,0.6194690265486725,61.9,280.0
