,count,real,real_percent,score,score_percent,true
Attribute Other,269.0,269.0,100.0,0.3271375464684015,32.7,88.0
Abnormality,81.0,81.0,100.0,0.48148148148148145,48.1,39.0
Modality,121.0,121.0,100.0,0.9917355371900827,99.2,120.0
Organ System,197.0,197.0,100.0,0.4416243654822335,44.2,87.0
PLANE,90.0,90.0,100.0,0.32222222222222224,32.2,29.0
Condition,0.0,0.0,0.0,0.0,0.0,0.0
