,count,real,real_percent,score,score_percent,true
Attribute Other,0.0,0.0,0.0,0.0,0.0,0.0
Abnormality,428.0,428.0,100.0,0.6985981308411215,69.9,299.0
Modality,195.0,195.0,100.0,0.9846153846153847,98.5,192.0
Organ System,40.0,40.0,100.0,0.7,70.0,28.0
PLANE,29.0,29.0,100.0,0.5172413793103449,51.7,15.0
Condition,452.0,452.0,100.0,0.6194690265486725,61.9,280.0
