{"CLOSED": {"count": 1144.0, "real": 1144.0, "true": 814.0, "real_percent": 0.0, "score": 0.7115384615384616, "score_percent": 71.2}, "OPEN": {"count": 758.0, "real": 758.0, "true": 363.0, "real_percent": 0.0, "score": 0.4788918205804749, "score_percent": 47.9}, "ALL": {"count": 1902.0, "real": 0.0, "true": 1177.0, "real_percent": 0.0, "score": 0.6188222923238696, "score_percent": 61.9}}