{"other": {"correct": 153.0, "total": 3370.0, "score": 0.04540059347181009}, "yes/no": {"correct": 2516.0, "total": 3391.0, "score": 0.7419640224122678}, "all": {"correct": 2669.0, "total": 6761.0, "score": 0.39476408815264014}}