{"CLOSED": {"count": 416.0, "real": 416.0, "true": 174.0, "real_percent": 0.0, "score": 0.4182692307692308, "score_percent": 41.8}, "OPEN": {"count": 645.0, "real": 645.0, "true": 96.0, "real_percent": 0.0, "score": 0.14883720930232558, "score_percent": 14.9}, "ALL": {"count": 1061.0, "real": 1061.0, "true": 270.0, "real_percent": 0.0, "score": 0.2544769085768143, "score_percent": 25.4}}