{"CLOSED": {"count": 272.0, "real": 266.0, "true": 121.0, "real_percent": 0.0, "score": 0.44485294117647056, "score_percent": 44.5}, "OPEN": {"count": 179.0, "real": 142.0, "true": 0.0, "real_percent": 0.0, "score": 0.0, "score_percent": 0.0}, "ALL": {"count": 451.0, "real": 408.0, "true": 121.0, "real_percent": 0.0, "score": 0.2682926829268293, "score_percent": 26.8}}