{"CLOSED": {"count": 272.0, "real": 272.0, "true": 161.0, "real_percent": 0.0, "score": 0.5919117647058824, "score_percent": 59.2}, "OPEN": {"count": 179.0, "real": 178.0, "true": 15.0, "real_percent": 0.0, "score": 0.08379888268156424, "score_percent": 8.4}, "ALL": {"count": 451.0, "real": 0.0, "true": 176.0, "real_percent": 0.0, "score": 0.3902439024390244, "score_percent": 39.0}}