{"CLOSED": {"count": 185.0, "real": 180.0, "true": 139.0, "real_percent": 0.0, "score": 0.7513513513513513, "score_percent": 75.1}, "OPEN": {"count": 123.0, "real": 90.0, "true": 54.0, "real_percent": 0.0, "score": 0.43902439024390244, "score_percent": 43.9}, "ALL": {"count": 308.0, "real": 270.0, "true": 193.0, "real_percent": 0.0, "score": 0.6266233766233766, "score_percent": 62.7}}