,count,real,real_percent,score,score_percent,true
Attribute Other,269.0,269.0,100.0,0.2527881040892193,25.3,68.0
Abnormality,81.0,81.0,100.0,0.4691358024691358,46.9,38.0
Modality,121.0,121.0,100.0,0.9917355371900827,99.2,120.0
Organ System,197.0,197.0,100.0,0.39593908629441626,39.6,78.0
PLANE,90.0,90.0,100.0,0.26666666666666666,26.7,24.0
Condition,0.0,0.0,0.0,0.0,0.0,0.0
