,count,real,real_percent,score,score_percent,true
Attribute Other,0.0,0.0,0.0,0.0,0.0,0.0
Abnormality,428.0,428.0,100.0,0.7266355140186916,72.7,311.0
Modality,195.0,195.0,100.0,0.9948717948717949,99.5,194.0
Organ System,40.0,40.0,100.0,0.575,57.5,23.0
PLANE,29.0,29.0,100.0,0.5862068965517241,58.6,17.0
Condition,452.0,452.0,100.0,0.6548672566371682,65.5,296.0
