,count,real,real_percent,score,score_percent,true
Attribute Other,269.0,269.0,100.0,0.2527881040892193,25.3,68.0
Abnormality,509.0,509.0,100.0,0.6856581532416502,68.6,349.0
Modality,316.0,316.0,100.0,0.9936708860759493,99.4,314.0
Organ System,237.0,237.0,100.0,0.42616033755274263,42.6,101.0
PLANE,119.0,119.0,100.0,0.3445378151260504,34.5,41.0
Condition,452.0,452.0,100.0,0.6548672566371682,65.5,296.0
