{"CLOSED": {"count": 1144.0, "real": 1144.0, "true": 841.0, "real_percent": 0.0, "score": 0.7351398601398601, "score_percent": 73.5}, "OPEN": {"count": 758.0, "real": 758.0, "true": 328.0, "real_percent": 0.0, "score": 0.43271767810026385, "score_percent": 43.3}, "ALL": {"count": 1902.0, "real": 0.0, "true": 1169.0, "real_percent": 0.0, "score": 0.6146161934805467, "score_percent": 61.5}}