{"CLOSED": {"count": 1144.0, "real": 1144.0, "true": 893.0, "real_percent": 0.0, "score": 0.7805944055944056, "score_percent": 78.1}, "OPEN": {"count": 758.0, "real": 758.0, "true": 366.0, "real_percent": 0.0, "score": 0.48284960422163586, "score_percent": 48.3}, "ALL": {"count": 1902.0, "real": 1902.0, "true": 1259.0, "real_percent": 0.0, "score": 0.6619348054679285, "score_percent": 66.2}}